condition,delta_T,removed_fraction,q025,median,q975
Unconditioned,20,0.0,334.6246064433031,5337.504135769479,82600.24568658056
Unconditioned,25,0.0,487.5430495983994,4017.138394640996,32467.93430977444
Unconditioned,35,0.0,664.1748435839563,2433.1913008772754,8998.640380655072
Monotone 25-150 C,20,0.17466666666666664,1422.1960406662188,7245.567072316093,92896.82057473705
Monotone 25-150 C,25,0.17466666666666664,1390.6418483650414,5071.126702427926,35589.21586591251
Monotone 25-150 C,35,0.17466666666666664,1152.55252788839,2823.4905576197134,9468.736155421933
Monotone 20-150 C,20,0.23463333333333336,1802.2225705512897,8061.120375917324,97878.19517939449
Monotone 20-150 C,25,0.23463333333333336,1640.5753291926821,5512.366923421819,36765.84003147745
Monotone 20-150 C,35,0.23463333333333336,1261.845675887922,2970.9255744955367,9646.861647741298
