setting,delta_T,n_draws,beta1_at_or_below_0p5,q025,median,q975
baseline,20,60000,0,5653.084438842161,15187.579093340786,40734.50794889012
baseline,25,60000,0,3642.569665158341,8772.749516517077,20873.05511737338
baseline,35,60000,0,1895.8321171155274,3845.7524886277497,7610.101222564411
relaxed,20,60000,0,5655.397577230709,15343.077868083605,40837.24591028799
relaxed,25,60000,0,3676.942638626489,8837.61772380158,20942.97873118484
relaxed,35,60000,0,1920.199041120672,3861.082534941951,7661.610335409936
diffuse,20,60000,0,5178.525194213226,14977.789472742768,44844.68687206389
diffuse,25,60000,0,3408.5522510943333,8676.570632990863,22619.205610758447
diffuse,35,60000,0,1797.8101480124321,3813.9000565785373,8113.71592384859
conservative,20,60000,0,6625.60865573552,15483.294109875433,36034.030688002174
conservative,25,60000,0,4227.148641553223,8938.165389324486,18772.32820316714
conservative,35,60000,0,2125.823055177166,3894.729146501286,7040.711335559079
