delta_T,median_q025,median_q50,median_q975,new_unit_q025,new_unit_q975
20.0,11510.42729106715,29113.493489791927,79495.24252243263,6676.76694863603,94775.37923461938
20.81761006289308,10649.990860707088,26374.56969094834,70434.31295045176,6128.4121305499675,84276.33737386366
21.635220125786162,9886.299810878667,23996.427743145738,62704.00996205077,5642.421794550063,75287.85321596604
22.452830188679243,9219.304075942626,21907.23288147223,56076.33326486225,5209.804247685835,67546.7298645796
23.270440251572328,8596.527360404985,20068.72506168295,50322.01089272955,4823.124098680654,60843.043667674654
24.08805031446541,8026.064998062606,18431.21497058097,45311.19617861096,4476.190508815921,55007.96279304863
24.90566037735849,7515.221126260775,16975.41444153202,40965.822311780976,4163.81586253128,49904.650150302645
25.72327044025157,7053.379528726409,15669.527261806452,37170.95735677384,3881.627261034103,45421.398748734784
26.540880503144656,6639.575907084479,14506.23935708434,33810.980484505446,3625.9180361223644,41466.40129264559
27.358490566037737,6257.365105417747,13465.895479299914,30845.65241725645,3393.5298674785918,37963.72880696771
28.17610062893082,5910.96658546844,12520.60203032132,28206.068891603576,3181.758506619335,34850.21258750022
28.9937106918239,5591.162675998649,11670.829517710426,25864.274827130557,2988.2778592196746,32073.007332387344
29.81132075471698,5295.651225797813,10895.147718049473,23775.429045088757,2811.078453864536,29587.672412996963
30.628930817610062,5027.984190579179,10200.348835149554,21888.659851698947,2648.417266078143,27356.650492561097
31.446540880503143,4780.183081936668,9561.69348903511,20209.805171576285,2498.7765660888526,25348.05320951234
32.26415094339623,4544.682646326214,8973.238089138735,18690.473679202336,2360.8299835972534,23534.685881842455
33.08176100628931,4330.189672793284,8434.375654236672,17335.852237793566,2233.4143796223793,21893.259545625824
33.89937106918239,4135.987640825098,7946.211532404545,16129.314054848111,2115.5064178284597,20403.75077295206
34.716981132075475,3949.4284190017365,7497.481950690826,15014.265353293353,2006.2029597390695,19048.878785159748
35.534591194968556,3777.67524920299,7080.047731343872,14006.681810085101,1904.7045875033914,17813.676210551035
36.35220125786164,3618.191769135138,6698.111742350656,13076.606060971599,1810.3016972833586,16685.13502030949
37.16981132075472,3464.587076904432,6343.2352877917865,12226.870997659662,1722.3627154115384,15651.913137785696
37.9874213836478,3320.603370160092,6014.401792405742,11449.120827743338,1640.3240753264715,14704.090261349464
38.80503144654088,3186.8019635955247,5709.687749465928,10735.858852239777,1563.681661248307,13832.963798057186
39.62264150943396,3063.385162737382,5427.149393999148,10080.543386006655,1491.9834786338522,13030.877639075828
40.44025157232704,2941.1006167597043,5165.5308686568405,9485.3526323009,1424.823354701193,12291.077943359074
41.257861635220124,2830.2643986905655,4917.08718217772,8932.913418475082,1361.8355070766518,11607.591225676593
42.075471698113205,2725.408850404066,4683.6618688940725,8407.936741977494,1302.6898466880182,10975.120938423213
42.893081761006286,2623.025594718878,4466.486586118948,7933.158537190009,1247.0879037919024,10388.959447151767
43.71069182389937,2529.397662294141,4264.306502311537,7497.345964278917,1194.7592845890956,9844.912866621173
44.528301886792455,2441.199666754727,4075.901936810235,7088.176649792791,1145.45858101403,9339.236679537817
45.34591194968554,2356.213004552944,3896.1232916900703,6706.44922002752,1098.9626687970347,8868.58042671789
46.16352201257862,2275.6521319201556,3727.6556272650078,6355.419075789881,1055.0683391218593,8429.94005413761
46.9811320754717,2198.077343773852,3570.4049492317017,6025.853228116572,1013.5902177248589,8020.6167435206635
47.79874213836478,2124.950223861543,3424.058138334154,5722.048192050874,974.3589323291375,7638.18124948546
48.61635220125787,2055.435162014572,3285.909754037345,5442.269836352024,937.2194951863031,7280.4429275344955
49.43396226415095,1989.854100767877,3154.3517576116346,5177.599279737251,902.0298724114864,6945.422769162647
50.25157232704403,1928.5685861979757,3027.992830689199,4933.613002977219,868.6597159168289,6631.3298695091735
51.06918238993711,1868.194439235465,2909.1755921633926,4697.913067639968,836.9892372132156,6336.540843130716
51.88679245283019,1811.4296078086015,2797.4947476111056,4476.265235245613,806.90820527251,6059.581778325378
52.704402515723274,1755.7531999906487,2693.015165148955,4269.779484443079,778.3150531145949,5799.112382750795
53.522012578616355,1704.6935841554978,2594.18463233231,4077.7655416874213,751.1160798806293,5553.912025119856
54.339622641509436,1654.5905436058526,2500.4798132883266,3894.571050602349,725.2247369358995,5322.8674213050535
55.15723270440252,1606.717596288411,2410.4900934492316,3720.715171735172,700.5609880718658,5104.961749878952
55.9748427672956,1561.940599598719,2325.3194194001817,3558.4917302118715,677.0507351639551,4899.265012785425
56.79245283018868,1518.0840639665037,2242.8292405871443,3407.3387102619345,654.6253017743536,4704.925483045923
57.61006289308176,1476.6615707310943,2165.543550633759,3266.6588145835985,633.2209681274995,4521.16210331681
58.42767295597484,1435.688957036355,2092.63404454328,3130.546887027404,612.7785517206271,4347.257717878939
59.24528301886792,1396.8612382264905,2021.9105389823987,3003.429620991755,593.2430285377042,4182.553036539925
60.06289308176101,1360.1708612069456,1955.869592716825,2884.338607325346,574.5631904509672,4026.4412425037126
60.88050314465409,1325.1290961704549,1891.7513813687876,2769.6811057825375,556.6913349243479,3878.3631678630154
61.69811320754717,1290.6502088103593,1832.1099491562427,2661.6848128719325,539.5829835974555,3737.802970307281
62.515723270440255,1256.5913591157432,1775.1156750696698,2556.4119484493244,523.1966267285009,3604.2842531703527
63.333333333333336,1225.2560051697394,1719.83224987292,2457.5337236033374,507.49349082564436,3477.3665782808034
64.15094339622641,1194.4816138664714,1666.6084557190602,2365.8373200814362,492.4373271020556,3356.6423274047315
64.9685534591195,1164.4805220022815,1615.0553743337434,2279.9693169460165,477.99421865525704,3241.7338735358976
65.78616352201257,1135.37620204546,1566.3825294425696,2196.0791836992307,464.1324045102678,3132.291028017106
66.60377358490567,1106.2386154119397,1520.1474963152864,2117.5679994940974,450.8221188652848,3027.988733578407
67.42138364779873,1079.9668867913654,1475.1356002789512,2041.9978758058692,438.03544406469564,2928.5249769401007
68.23899371069183,1054.4738854555003,1431.6989875863576,1967.2451357120983,425.74617598055005,2833.6188977293455
69.05660377358491,1030.203051113633,1390.0688104618644,1898.3713177418215,413.9297006248266,2743.009073162896
69.87421383647799,1005.5872377313173,1350.325730576076,1832.7853730991726,402.5628809386278,2656.4519603096533
70.69182389937107,982.9717733961082,1312.1504484104098,1770.9840732907785,391.6239528141469,2573.7204798129646
71.50943396226415,960.8059554200797,1275.7283875768678,1711.9877110357522,381.09242950236063,2494.602726763348
72.32704402515724,939.142292105515,1240.314965391834,1656.1707388421075,370.94901364560826,2418.900796001969
73.14465408805032,918.2619539181143,1206.5017834285436,1601.6604339472083,361.1755162507784,2346.429710533062
73.9622641509434,898.0084886924733,1173.7000725277333,1549.7176064062967,351.7547819869641,2277.0164429545603
74.77987421383648,878.9226247147841,1142.7281614288395,1501.5163939609936,342.6706202520899,2210.4990209016705
75.59748427672956,859.5789602192754,1112.8046205836781,1455.7938471024931,333.9077415071892,2146.7257084573052
76.41509433962264,841.0309014002828,1083.3489475891322,1411.4920492038,325.4516984253108,2085.554256331142
77.23270440251574,821.6706580507522,1055.4423302676132,1368.6207523906219,317.2888314452856,2026.851214360214
78.0503144654088,806.0939469869274,1028.6371713824967,1327.7637677125783,309.406218359276,1970.4913005497003
78.8679245283019,789.0435973093503,1002.4504755391905,1288.8235249813536,301.79162759772487,1916.3568214636744
79.68553459119497,773.0750316207044,977.4307815348511,1250.9552554607487,294.43347490645476,1864.3371393009115
80.50314465408806,757.227201296585,953.5997719601685,1214.2200393200837,287.32078313863013,1814.328181458078
81.32075471698113,741.5900438404178,930.5237567455085,1178.9260057755966,280.44314490947613,1766.231988799173
82.13836477987422,726.9982474870721,908.0814449053423,1145.47411448497,273.79068788426343,1719.9562992209385
82.95597484276729,712.2475380468638,886.4450638073106,1112.6341888097215,267.3540424905203,1675.414163435726
83.77358490566039,698.0350995651861,865.2739885969083,1081.2353443816885,261.1243118638474,1632.5235901892036
84.59119496855347,683.9451354790647,844.8117580887908,1050.992822957044,255.09304385338586,1591.2072183954708
85.40880503144655,670.4079035382019,824.9126512542384,1021.6383418900022,249.25220492789305,1551.3920139094614
86.22641509433963,657.6460356238985,805.8085889702293,994.4449986581386,243.59415583723273,1513.0089888693642
87.04402515723271,644.6546817541241,787.3168225538413,967.6657258275873,238.1116288962299,1475.9929417329295
87.86163522012579,632.2350323941804,769.7253928435354,942.1117019298922,232.79770676911465,1440.2822163033607
88.67924528301887,619.732933403597,752.648315077662,916.59321492757,227.64580264291172,1405.8184781949433
89.49685534591195,607.4068070129211,735.6762757729913,892.3164458233163,222.6496416873582,1372.5465073278751
90.31446540880503,595.5080791093501,719.5284278203708,868.7587018089476,217.80324370732706,1340.4140051673312
91.13207547169812,584.3283510864904,703.4705089509414,846.7637652330586,213.10090690113924,1309.3714155350342
91.9496855345912,572.8568944134362,688.2654093287213,824.8660271080713,208.53719264665583,1279.3717579241184
92.76729559748428,561.9049859553434,673.4194517050788,804.8542150328827,204.10691123859883,1250.370472341207
93.58490566037736,551.6420928972407,659.2714438744027,784.8994524135911,199.80510851448878,1222.3252747822958
94.40251572327044,541.4190377654387,645.5040929568505,765.6620179835551,195.6270533036964,1195.1960225265602
95.22012578616352,531.0261184060387,632.3444808317639,747.414735031592,191.56822564344782,1168.944588500705
96.0377358490566,521.590350190295,619.3689713388302,730.0136029215603,187.62430570919147,1143.5347440289129
96.85534591194968,511.56202333035606,606.6116044924397,712.7844958257459,183.79116341032443,1118.9320493407815
97.67295597484276,501.72761169608754,594.4225219168994,696.5777334316749,180.06484860625366,1095.103751261418
98.49056603773585,492.05176356597167,582.3441835859776,681.0019629282502,176.44158190112714,1072.01868755512
99.30817610062894,483.009532816182,570.6577928139018,665.8731301129877,172.91774597866262,1049.6471974369895
100.12578616352202,473.8344967279016,559.2663043770226,651.1203214447481,169.4898774413728,1027.9610378061693
100.9433962264151,464.89984282332676,548.1325166628117,637.0134718041028,166.15465912109852,1006.9333047900818
101.76100628930818,456.4523409232569,537.2947683402282,623.0578529635123,162.90891283017814,986.5383602217589
102.57861635220127,448.2467720794065,526.9488781097732,609.5504395830486,159.7495925248002,966.7517627021516
103.39622641509435,439.5876339730667,516.7761030426477,596.6732013089401,156.6737778541251,947.550202926615
104.21383647798743,431.6512698934459,506.72480037690195,584.0403888844421,153.67866807064436,928.9114429796357
105.03144654088051,423.6881887199014,497.0223716453696,571.7435334062031,150.76157627898093,910.8142593247264
105.84905660377359,415.88046609638974,487.76157636735843,560.1588271559277,147.91992400193178,893.2383892372839
106.66666666666667,408.4905956744057,478.7414947347522,549.0274650900641,145.15123604402982,876.16448044733
107.48427672955975,401.15045243997974,469.9172384988318,538.3439336677784,142.45313563426484,859.5740437765784
108.30188679245283,393.6317348605247,461.21835392913835,528.1630311114251,139.82333983086397,843.4494085703925
109.11949685534591,386.5975917015064,452.72255398898164,518.0087926254901,137.25965517219603,827.7736807399278
109.937106918239,379.67009859833445,444.41941385413713,508.70314086655264,134.75997355893946,812.5307032433053
110.75471698113208,373.1026142377422,436.4232917248708,499.72321623063215,132.32226835365282,797.7050188471451
111.57232704402516,366.35381464587715,428.6322261596323,490.6586271300138,129.94459068481137,783.2818350212333
112.38993710691824,359.83745725877986,420.9213878654279,481.6467499010546,127.62506594322605,769.246990829653
113.20754716981132,353.6615060674058,413.42016062205516,473.036843245507,125.36189045955713,755.5869256913701
114.0251572327044,347.4264748392849,406.02245479513874,464.8456538833181,123.15332835237045,742.2886498922983
114.84276729559748,341.0058229231216,398.97396212568856,456.6670273000254,120.99770853686982,729.3397167390517
115.66037735849056,335.1551063908755,392.0467647920308,448.87997547982076,118.89342188506838,716.7281962522223
116.47798742138366,329.3584821300322,385.40864847907045,441.3965527016946,116.83891852875905,704.4426503041274
117.29559748427674,323.6113360753686,378.85679675488547,434.0674056305402,114.83270529718858,692.4721091122861
118.11320754716982,317.9621044448962,372.3160343921992,426.8335345437639,112.87334328184643,680.8060490061331
118.9308176100629,312.30511091189874,365.97708399624275,419.93463106661966,110.95944552126713,669.4343713899066
119.74842767295598,306.786931815203,359.8498028117543,413.3331102308622,109.0896747991682,658.3473828297687
120.56603773584906,301.8050447301994,353.8500243675979,407.0343167765281,107.26274154967567,647.5357761980881
121.38364779874215,296.1951456065689,348.02739894894603,401.0972957196123,105.4774018637634,636.9906128121886
122.20125786163523,291.1590184419683,342.3916680754672,395.0543069760397,103.73245559139018,626.7033055089472
123.01886792452831,286.3510645224158,336.722173200899,389.1937386381314,102.02674453415752,616.6656026005147
123.83647798742139,281.3727805737961,331.2211156283199,383.4581962588302,100.35915072361891,606.8695726598773
124.65408805031447,276.74661576224975,325.91801746823234,377.84011818297347,98.72859478066593,597.307590088367
125.47169811320755,271.8066608160649,320.74048862299077,372.30189034478343,97.13403435168182,587.9723214201767
126.28930817610063,267.37174388731404,315.64981321636526,366.953741727451,95.5744626174176,578.8567123219009
127.10691823899371,262.8089201948905,310.6843822659259,361.8553816170404,94.04890687077327,569.9539752476649
127.9245283018868,258.23473957609883,305.70072205207424,356.78741878420925,92.55642715989609,561.2575777129485
128.74213836477986,253.83328261280275,301.01280542824634,351.81773924204646,91.09611499321203,552.761231152453
129.55974842767296,249.56025679586156,296.2717814661882,347.2768951357693,89.66709210320433,544.4588803295475
130.37735849056605,245.15676578545836,291.7335909978299,342.5836363910018,88.26850926593217,536.3446932667974
131.19496855345912,240.94207764399056,287.2878746146966,337.979877006882,86.89954517345738,528.4130516689453
132.0125786163522,236.86201743639194,282.8491655661389,333.4314322952571,85.55940535650217,520.6585418114489
132.83018867924528,232.9092027256249,278.52328704370257,328.90295704479314,84.24732115481892,513.0759458693431
133.64779874213838,228.9179905559517,274.333264917391,324.4815858242042,82.96254873288406,505.6602336626267
134.46540880503147,225.2640424104256,270.26105376644904,320.2970446170475,81.70436813867012,498.4065547958777
135.28301886792454,221.52758557754467,266.21505743152903,316.19960947643085,80.47208240336913,491.31023117108145
136.1006289308176,217.93552567531285,262.323668497239,312.2926090503308,79.26501668005557,484.3667498538737
136.9182389937107,214.56763929022762,258.47355918160576,308.39493142666095,78.08251741939246,477.5717562746059
137.7358490566038,211.17037023650178,254.7131414977774,304.69425323158436,76.9239515805716,470.9210477466986
138.55345911949686,207.73814084389778,250.98343120939236,300.95266844103196,75.78870587583603,464.4105672857517
139.37106918238993,204.4862599894287,247.36112808086304,297.44878362295583,74.67618604698767,458.03639771339056
140.18867924528303,201.1001322959662,243.7483851735116,293.75615620129577,73.5858161719065,451.7947560339332
141.00628930817612,197.86278609238545,240.28248090586058,290.1787287150847,72.51703800084313,445.6819880631098
141.8238993710692,194.70328734144653,236.89388332408853,286.887589743612,71.46931031954608,439.69456330490686
142.64150943396226,191.5328797092384,233.55280799038948,283.52690600335205,70.44210833907871,433.82907005776445
143.45911949685535,188.4810873509845,230.23183086380027,280.0781225755415,69.43492311064983,428.0822107403797
144.27672955974845,185.53478289797062,227.02744212766424,276.871748499582,68.44726096436526,422.4507974263791
145.0943396226415,182.47404267160323,223.81809630014178,273.794593004639,67.47864297079784,416.93174757725524
145.91194968553458,179.7136287749118,220.6331801224561,270.7362344683306,66.52860442433577,411.5220799637117
146.72955974842768,176.9218920736964,217.63409932622193,267.6970659330441,65.59669434730854,406.21891076606556
147.54716981132077,174.0950181276244,214.6375074101821,264.5132028729314,64.68247501395216,401.019449845487
148.36477987421384,171.3078696998415,211.75960380440327,261.4813105892281,63.78552149331454,395.92099717694754
149.18238993710693,168.66809551685543,208.90990636289013,258.58910954087924,62.90542121025726,390.9209394349656
150.0,166.0141860041902,206.11265892736859,255.75385875605653,62.04177352373875,386.0167467299567
