setting,parameter,rhat,ess
baseline,k,1.0006139917228423,4339.828957017965
baseline,beta1,1.0000790476473074,3833.3578822848704
baseline,beta0,1.0000888127821865,3828.1341837289974
relaxed,k,1.0005475925111524,4554.830215590188
relaxed,beta1,1.0000624994035199,3886.8274448199495
relaxed,beta0,1.0000645724642694,3590.2248341709446
diffuse,k,1.0000368710140075,4491.649021928134
diffuse,beta1,1.0001940118500536,4619.406295721536
diffuse,beta0,1.000193141217367,4630.00008176726
conservative,k,1.0004137843688954,4369.908212458815
conservative,beta1,1.0000113677584799,4381.422970771305
conservative,beta0,1.0000082436491244,4378.027780537018
