model,delta_T,q025,median,q975
Weibull log-linear,20,5653.084438842161,15187.579093340786,40734.50794889012
Weibull curved,20,334.6246064433031,5337.504135769479,82600.24568658056
Lognormal,20,4228.055432843522,10622.799021521223,26795.63591954166
Weibull log-linear,25,3642.569665158341,8772.749516517077,20873.05511737338
Weibull curved,25,487.5430495983994,4017.138394640996,32467.93430977444
Lognormal,25,2915.98124874149,6503.25501569816,14621.995192638467
Weibull log-linear,35,1895.8321171155274,3845.7524886277497,7610.101222564411
Weibull curved,35,664.1748435839563,2433.1913008772754,8998.640380655072
Lognormal,35,1660.3085714065787,3109.3279872169956,5867.450931679418
Weibull log-linear,50,928.7441826238984,1602.4774970938481,2655.6553158186416
Weibull curved,50,649.3560238803886,1311.794736174058,2650.8164093277055
Lognormal,50,907.5957831392781,1421.9865242232045,2231.4955450098787
Weibull log-linear,75,404.96251076626606,593.1660956874173,812.8719799341259
Weibull curved,75,396.4905966544151,584.2356311119942,816.576071751352
Lognormal,75,447.68581751013943,584.371569309795,761.7205375781572
Weibull log-linear,100,212.93358577614148,292.9334262969033,370.0103914197521
Weibull curved,100,214.23742399536172,306.62781578382146,394.3232247554307
Lognormal,100,257.8706861495415,310.7610535813392,375.0864473775331
Weibull log-linear,125,122.24354495299383,168.91189873236226,213.3444829565214
Weibull curved,125,123.81851707904974,177.34656915209663,227.609523440505
Lognormal,125,156.1047239031611,190.46785944222918,232.23259735628704
Weibull log-linear,150,74.54891254243046,107.70147604110599,142.40956908992453
Weibull curved,150,75.99424581337195,110.06215140607463,147.3207546538551
Lognormal,150,99.32813446564013,127.75923290428315,164.25667518409963
