setting,delta_T,q025,median,q975,median_mcse
baseline,20.0,5653.084438842161,15187.579093340786,40734.50794889012,152.54237434664344
baseline,25.0,3642.569665158341,8772.749516517077,20873.05511737338,78.87628318146905
baseline,35.0,1895.8321171155274,3845.7524886277497,7610.101222564411,25.73863235204307
relaxed,20.0,5655.397577230709,15343.077868083605,40837.24591028799,149.26968202763263
relaxed,25.0,3676.942638626489,8837.61772380158,20942.97873118484,75.52018241976255
relaxed,35.0,1920.199041120672,3861.082534941951,7661.610335409936,27.91393499701906
diffuse,20.0,5178.525194213226,14977.789472742768,44844.68687206389,110.41273611590769
diffuse,25.0,3408.5522510943333,8676.570632990863,22619.205610758447,60.852531877756654
diffuse,35.0,1797.8101480124321,3813.9000565785373,8113.71592384859,22.834911241377494
conservative,20.0,6625.60865573552,15483.294109875433,36034.030688002174,95.04112634093175
conservative,25.0,4227.148641553223,8938.165389324486,18772.32820316714,46.550297002331035
conservative,35.0,2125.823055177166,3894.729146501286,7040.711335559079,18.794492951213897
